<synchronizationRule>
  <id>{8d26623c-0832-4be2-8fbf-e7fc72796d25}</id>
  <internal-id>{8d26623c-0832-4be2-8fbf-e7fc72796d25}</internal-id>
  <version>1</version>
  <name>Out to AAD - User ExchangeOnline</name>
  <description />
  <immutable-tag>Microsoft.OuttoAADUserExchangeOnline.004</immutable-tag>
  <direction>Outbound</direction>
  <disabled>False</disabled>
  <connector>{b891884f-051e-4a83-95af-2544101c9083}</connector>
  <sourceObjectType>person</sourceObjectType>
  <targetObjectType>user</targetObjectType>
  <linkType>Join</linkType>
  <precedence>125</precedence>
  <precedence-after>{00000000-0000-0000-0000-000000000000}</precedence-after>
  <precedence-before>{00000000-0000-0000-0000-000000000000}</precedence-before>
  <softDeleteExpiryInterval>00:00:00</softDeleteExpiryInterval>
  <EnablePasswordSync>false</EnablePasswordSync>
  <attribute-mappings>
    <mapping>
      <dest>accountEnabled</dest>
      <src>
        <attr>accountEnabled</attr>
      </src>
      <valueMergeType>Update</valueMergeType>
    </mapping>
    <mapping>
      <dest>alias</dest>
      <src>
        <attr>mailNickname</attr>
      </src>
      <valueMergeType>Update</valueMergeType>
    </mapping>
    <mapping>
      <dest>assistant</dest>
      <src>
        <attr>assistant</attr>
      </src>
      <valueMergeType>Update</valueMergeType>
    </mapping>
    <mapping>
      <dest>authOrig</dest>
      <src>
        <attr>authOrig</attr>
      </src>
      <valueMergeType>Update</valueMergeType>
    </mapping>
    <mapping>
      <dest>city</dest>
      <src>
        <attr>l</attr>
      </src>
      <valueMergeType>Update</valueMergeType>
    </mapping>
    <mapping>
      <dest>country</dest>
      <src>
        <attr>co</attr>
      </src>
      <valueMergeType>Update</valueMergeType>
    </mapping>
    <mapping>
      <dest>company</dest>
      <src>
        <attr>company</attr>
      </src>
      <valueMergeType>Update</valueMergeType>
    </mapping>
    <mapping>
      <dest>countryCode</dest>
      <src>
        <attr>countryCode</attr>
      </src>
      <expression>IIF(IsNullOrEmpty([countryCode]),IgnoreThisFlow,[countryCode])</expression>
      <valueMergeType>Update</valueMergeType>
    </mapping>
    <mapping>
      <dest>countryLetterCode</dest>
      <src>
        <attr>c</attr>
      </src>
      <valueMergeType>Update</valueMergeType>
    </mapping>
    <mapping>
      <dest>department</dest>
      <src>
        <attr>department</attr>
      </src>
      <valueMergeType>Update</valueMergeType>
    </mapping>
    <mapping>
      <dest>description</dest>
      <src>
        <attr>description</attr>
      </src>
      <valueMergeType>Update</valueMergeType>
    </mapping>
    <mapping>
      <dest>displayName</dest>
      <src>
        <attr>displayName</attr>
      </src>
      <valueMergeType>Update</valueMergeType>
    </mapping>
    <mapping>
      <dest>dLMemRejectPerms</dest>
      <src>
        <attr>dLMemRejectPerms</attr>
      </src>
      <valueMergeType>Update</valueMergeType>
    </mapping>
    <mapping>
      <dest>dLMemSubmitPerms</dest>
      <src>
        <attr>dLMemSubmitPerms</attr>
      </src>
      <valueMergeType>Update</valueMergeType>
    </mapping>
    <mapping>
      <dest>extensionAttribute1</dest>
      <src>
        <attr>extensionAttribute1</attr>
      </src>
      <valueMergeType>Update</valueMergeType>
    </mapping>
    <mapping>
      <dest>extensionAttribute10</dest>
      <src>
        <attr>extensionAttribute10</attr>
      </src>
      <valueMergeType>Update</valueMergeType>
    </mapping>
    <mapping>
      <dest>extensionAttribute11</dest>
      <src>
        <attr>extensionAttribute11</attr>
      </src>
      <valueMergeType>Update</valueMergeType>
    </mapping>
    <mapping>
      <dest>extensionAttribute12</dest>
      <src>
        <attr>extensionAttribute12</attr>
      </src>
      <valueMergeType>Update</valueMergeType>
    </mapping>
    <mapping>
      <dest>extensionAttribute13</dest>
      <src>
        <attr>extensionAttribute13</attr>
      </src>
      <valueMergeType>Update</valueMergeType>
    </mapping>
    <mapping>
      <dest>extensionAttribute14</dest>
      <src>
        <attr>extensionAttribute14</attr>
      </src>
      <valueMergeType>Update</valueMergeType>
    </mapping>
    <mapping>
      <dest>extensionAttribute15</dest>
      <src>
        <attr>extensionAttribute15</attr>
      </src>
      <valueMergeType>Update</valueMergeType>
    </mapping>
    <mapping>
      <dest>extensionAttribute2</dest>
      <src>
        <attr>extensionAttribute2</attr>
      </src>
      <valueMergeType>Update</valueMergeType>
    </mapping>
    <mapping>
      <dest>extensionAttribute3</dest>
      <src>
        <attr>extensionAttribute3</attr>
      </src>
      <valueMergeType>Update</valueMergeType>
    </mapping>
    <mapping>
      <dest>extensionAttribute4</dest>
      <src>
        <attr>extensionAttribute4</attr>
      </src>
      <valueMergeType>Update</valueMergeType>
    </mapping>
    <mapping>
      <dest>extensionAttribute5</dest>
      <src>
        <attr>extensionAttribute5</attr>
      </src>
      <valueMergeType>Update</valueMergeType>
    </mapping>
    <mapping>
      <dest>extensionAttribute6</dest>
      <src>
        <attr>extensionAttribute6</attr>
      </src>
      <valueMergeType>Update</valueMergeType>
    </mapping>
    <mapping>
      <dest>extensionAttribute7</dest>
      <src>
        <attr>extensionAttribute7</attr>
      </src>
      <valueMergeType>Update</valueMergeType>
    </mapping>
    <mapping>
      <dest>extensionAttribute8</dest>
      <src>
        <attr>extensionAttribute8</attr>
      </src>
      <valueMergeType>Update</valueMergeType>
    </mapping>
    <mapping>
      <dest>extensionAttribute9</dest>
      <src>
        <attr>extensionAttribute9</attr>
      </src>
      <valueMergeType>Update</valueMergeType>
    </mapping>
    <mapping>
      <dest>facsimileTelephoneNumber</dest>
      <src>
        <attr>facsimileTelephoneNumber</attr>
      </src>
      <valueMergeType>Update</valueMergeType>
    </mapping>
    <mapping>
      <dest>givenName</dest>
      <src>
        <attr>givenName</attr>
      </src>
      <valueMergeType>Update</valueMergeType>
    </mapping>
    <mapping>
      <dest>homePhone</dest>
      <src>
        <attr>homePhone</attr>
      </src>
      <valueMergeType>Update</valueMergeType>
    </mapping>
    <mapping>
      <dest>info</dest>
      <src>
        <attr>info</attr>
      </src>
      <valueMergeType>Update</valueMergeType>
    </mapping>
    <mapping>
      <dest>initials</dest>
      <src>
        <attr>initials</attr>
      </src>
      <valueMergeType>Update</valueMergeType>
    </mapping>
    <mapping>
      <dest>legacyExchangeDN</dest>
      <src>
        <attr>legacyExchangeDN</attr>
      </src>
      <valueMergeType>Update</valueMergeType>
    </mapping>
    <mapping>
      <dest>manager</dest>
      <src>
        <attr>manager</attr>
      </src>
      <valueMergeType>Update</valueMergeType>
    </mapping>
    <mapping>
      <dest>mobile</dest>
      <src>
        <attr>mobile</attr>
      </src>
      <valueMergeType>Update</valueMergeType>
    </mapping>
    <mapping>
      <dest>msDsHabSeniorityIndex</dest>
      <src>
        <attr>msDS-HABSeniorityIndex</attr>
      </src>
      <valueMergeType>Update</valueMergeType>
    </mapping>
    <mapping>
      <dest>msDsPhoneticDisplayName</dest>
      <src>
        <attr>msDS-PhoneticDisplayName</attr>
      </src>
      <valueMergeType>Update</valueMergeType>
    </mapping>
    <mapping>
      <dest>msExchArchiveGuid</dest>
      <src>
        <attr>msExchArchiveGUID</attr>
      </src>
      <valueMergeType>Update</valueMergeType>
    </mapping>
    <mapping>
      <dest>msExchArchiveName</dest>
      <src>
        <attr>msExchArchiveName</attr>
      </src>
      <valueMergeType>Update</valueMergeType>
    </mapping>
    <mapping>
      <dest>msExchAssistantName</dest>
      <src>
        <attr>msExchAssistantName</attr>
      </src>
      <valueMergeType>Update</valueMergeType>
    </mapping>
    <mapping>
      <dest>msExchAuditAdmin</dest>
      <src>
        <attr>msExchAuditAdmin</attr>
      </src>
      <valueMergeType>Update</valueMergeType>
    </mapping>
    <mapping>
      <dest>msExchAuditDelegate</dest>
      <src>
        <attr>msExchAuditDelegate</attr>
      </src>
      <valueMergeType>Update</valueMergeType>
    </mapping>
    <mapping>
      <dest>msExchAuditDelegateAdmin</dest>
      <src>
        <attr>msExchAuditDelegateAdmin</attr>
      </src>
      <valueMergeType>Update</valueMergeType>
    </mapping>
    <mapping>
      <dest>msExchAuditOwner</dest>
      <src>
        <attr>msExchAuditOwner</attr>
      </src>
      <valueMergeType>Update</valueMergeType>
    </mapping>
    <mapping>
      <dest>msExchBlockedSendersHash</dest>
      <src>
        <attr>msExchBlockedSendersHash</attr>
      </src>
      <valueMergeType>Update</valueMergeType>
    </mapping>
    <mapping>
      <dest>msExchBypassAudit</dest>
      <src>
        <attr>msExchBypassAudit</attr>
      </src>
      <valueMergeType>Update</valueMergeType>
    </mapping>
    <mapping>
      <dest>msExchDelegateListLink</dest>
      <src>
        <attr>msExchDelegateListLink</attr>
      </src>
      <valueMergeType>Update</valueMergeType>
    </mapping>
    <mapping>
      <dest>msExchElcExpirySuspensionEnd</dest>
      <src>
        <attr>msExchELCExpirySuspensionEnd</attr>
      </src>
      <valueMergeType>Update</valueMergeType>
    </mapping>
    <mapping>
      <dest>msExchElcExpirySuspensionStart</dest>
      <src>
        <attr>msExchELCExpirySuspensionStart</attr>
      </src>
      <valueMergeType>Update</valueMergeType>
    </mapping>
    <mapping>
      <dest>msExchElcMailboxFlags</dest>
      <src>
        <attr>msExchELCMailboxFlags</attr>
      </src>
      <valueMergeType>Update</valueMergeType>
    </mapping>
    <mapping>
      <dest>msExchEnableModeration</dest>
      <src>
        <attr>msExchEnableModeration</attr>
      </src>
      <valueMergeType>Update</valueMergeType>
    </mapping>
    <mapping>
      <dest>msExchExtensionCustomAttribute1</dest>
      <src>
        <attr>msExchExtensionCustomAttribute1</attr>
      </src>
      <valueMergeType>Update</valueMergeType>
    </mapping>
    <mapping>
      <dest>msExchExtensionCustomAttribute2</dest>
      <src>
        <attr>msExchExtensionCustomAttribute2</attr>
      </src>
      <valueMergeType>Update</valueMergeType>
    </mapping>
    <mapping>
      <dest>msExchExtensionCustomAttribute3</dest>
      <src>
        <attr>msExchExtensionCustomAttribute3</attr>
      </src>
      <valueMergeType>Update</valueMergeType>
    </mapping>
    <mapping>
      <dest>msExchExtensionCustomAttribute4</dest>
      <src>
        <attr>msExchExtensionCustomAttribute4</attr>
      </src>
      <valueMergeType>Update</valueMergeType>
    </mapping>
    <mapping>
      <dest>msExchExtensionCustomAttribute5</dest>
      <src>
        <attr>msExchExtensionCustomAttribute5</attr>
      </src>
      <valueMergeType>Update</valueMergeType>
    </mapping>
    <mapping>
      <dest>msExchHideFromAddressLists</dest>
      <src>
        <attr>msExchHideFromAddressLists</attr>
      </src>
      <valueMergeType>Update</valueMergeType>
    </mapping>
    <mapping>
      <dest>msExchImmutableId</dest>
      <src>
        <attr>msExchImmutableId</attr>
      </src>
      <valueMergeType>Update</valueMergeType>
    </mapping>
    <mapping>
      <dest>msExchLitigationHoldDate</dest>
      <src>
        <attr>msExchLitigationHoldDate</attr>
      </src>
      <valueMergeType>Update</valueMergeType>
    </mapping>
    <mapping>
      <dest>msExchLitigationHoldOwner</dest>
      <src>
        <attr>msExchLitigationHoldOwner</attr>
      </src>
      <valueMergeType>Update</valueMergeType>
    </mapping>
    <mapping>
      <dest>msExchMailboxGuid</dest>
      <src>
        <attr>msExchMailboxGuid</attr>
      </src>
      <valueMergeType>Update</valueMergeType>
    </mapping>
    <mapping>
      <dest>msExchMailboxAuditEnable</dest>
      <src>
        <attr>msExchMailboxAuditEnable</attr>
      </src>
      <valueMergeType>Update</valueMergeType>
    </mapping>
    <mapping>
      <dest>msExchMailboxAuditLogAgeLimit</dest>
      <src>
        <attr>msExchMailboxAuditLogAgeLimit</attr>
      </src>
      <valueMergeType>Update</valueMergeType>
    </mapping>
    <mapping>
      <dest>msExchModeratedByLink</dest>
      <src>
        <attr>msExchModeratedByLink</attr>
      </src>
      <valueMergeType>Update</valueMergeType>
    </mapping>
    <mapping>
      <dest>msExchModerationFlags</dest>
      <src>
        <attr>msExchModerationFlags</attr>
      </src>
      <valueMergeType>Update</valueMergeType>
    </mapping>
    <mapping>
      <dest>msExchRecipientDisplayType</dest>
      <src>
        <attr>msExchRecipientDisplayType</attr>
      </src>
      <valueMergeType>Update</valueMergeType>
    </mapping>
    <mapping>
      <dest>msExchRecipientTypeDetails</dest>
      <src>
        <attr>msExchRecipientTypeDetails</attr>
      </src>
      <valueMergeType>Update</valueMergeType>
    </mapping>
    <mapping>
      <dest>msExchRemoteRecipientType</dest>
      <src>
        <attr>msExchRemoteRecipientType</attr>
      </src>
      <valueMergeType>Update</valueMergeType>
    </mapping>
    <mapping>
      <dest>msExchRequireAuthToSendTo</dest>
      <src>
        <attr>msExchRequireAuthToSendTo</attr>
      </src>
      <valueMergeType>Update</valueMergeType>
    </mapping>
    <mapping>
      <dest>msExchResourceCapacity</dest>
      <src>
        <attr>msExchResourceCapacity</attr>
      </src>
      <valueMergeType>Update</valueMergeType>
    </mapping>
    <mapping>
      <dest>msExchResourceDisplay</dest>
      <src>
        <attr>msExchResourceDisplay</attr>
      </src>
      <valueMergeType>Update</valueMergeType>
    </mapping>
    <mapping>
      <dest>msExchResourceMetadata</dest>
      <src>
        <attr>msExchResourceMetaData</attr>
      </src>
      <valueMergeType>Update</valueMergeType>
    </mapping>
    <mapping>
      <dest>msExchResourceSearchProperties</dest>
      <src>
        <attr>msExchResourceSearchProperties</attr>
      </src>
      <valueMergeType>Update</valueMergeType>
    </mapping>
    <mapping>
      <dest>msExchRetentionComment</dest>
      <src>
        <attr>msExchRetentionComment</attr>
      </src>
      <valueMergeType>Update</valueMergeType>
    </mapping>
    <mapping>
      <dest>msExchRetentionUrl</dest>
      <src>
        <attr>msExchRetentionURL</attr>
      </src>
      <valueMergeType>Update</valueMergeType>
    </mapping>
    <mapping>
      <dest>msExchSafeRecipientsHash</dest>
      <src>
        <attr>msExchSafeRecipientsHash</attr>
      </src>
      <valueMergeType>Update</valueMergeType>
    </mapping>
    <mapping>
      <dest>msExchSafeSendersHash</dest>
      <src>
        <attr>msExchSafeSendersHash</attr>
      </src>
      <valueMergeType>Update</valueMergeType>
    </mapping>
    <mapping>
      <dest>msExchSenderHintTranslations</dest>
      <src>
        <attr>msExchSenderHintTranslations</attr>
      </src>
      <valueMergeType>Update</valueMergeType>
    </mapping>
    <mapping>
      <dest>msExchTeamMailboxExpiration</dest>
      <src>
        <attr>msExchTeamMailboxExpiration</attr>
      </src>
      <valueMergeType>Update</valueMergeType>
    </mapping>
    <mapping>
      <dest>msExchTeamMailboxOwners</dest>
      <src>
        <attr>msExchTeamMailboxOwners</attr>
      </src>
      <valueMergeType>Update</valueMergeType>
    </mapping>
    <mapping>
      <dest>msExchTeamMailboxSharePointUrl</dest>
      <src>
        <attr>msExchTeamMailboxSharePointUrl</attr>
      </src>
      <valueMergeType>Update</valueMergeType>
    </mapping>
    <mapping>
      <dest>msExchUserHoldPolicies</dest>
      <src>
        <attr>msExchUserHoldPolicies</attr>
      </src>
      <valueMergeType>Update</valueMergeType>
    </mapping>
    <mapping>
      <dest>onPremisesUserPrincipalName</dest>
      <src>
        <attr>onPremisesUserPrincipalName</attr>
      </src>
      <valueMergeType>Update</valueMergeType>
    </mapping>
    <mapping>
      <dest>otherFacsimileTelephoneNumber</dest>
      <src>
        <attr>otherFacsimileTelephoneNumber</attr>
      </src>
      <valueMergeType>Update</valueMergeType>
    </mapping>
    <mapping>
      <dest>otherHomePhone</dest>
      <src>
        <attr>otherHomePhone</attr>
      </src>
      <valueMergeType>Update</valueMergeType>
    </mapping>
    <mapping>
      <dest>otherTelephone</dest>
      <src>
        <attr>otherTelephone</attr>
      </src>
      <valueMergeType>Update</valueMergeType>
    </mapping>
    <mapping>
      <dest>pager</dest>
      <src>
        <attr>pager</attr>
      </src>
      <valueMergeType>Update</valueMergeType>
    </mapping>
    <mapping>
      <dest>physicalDeliveryOfficeName</dest>
      <src>
        <attr>physicalDeliveryOfficeName</attr>
      </src>
      <valueMergeType>Update</valueMergeType>
    </mapping>
    <mapping>
      <dest>postalCode</dest>
      <src>
        <attr>postalCode</attr>
      </src>
      <valueMergeType>Update</valueMergeType>
    </mapping>
    <mapping>
      <dest>proxyAddresses</dest>
      <src>
        <attr>proxyAddresses</attr>
      </src>
      <valueMergeType>Update</valueMergeType>
    </mapping>
    <mapping>
      <dest>publicDelegates</dest>
      <src>
        <attr>publicDelegates</attr>
      </src>
      <valueMergeType>Update</valueMergeType>
    </mapping>
    <mapping>
      <dest>surname</dest>
      <src>
        <attr>sn</attr>
      </src>
      <valueMergeType>Update</valueMergeType>
    </mapping>
    <mapping>
      <dest>state</dest>
      <src>
        <attr>st</attr>
      </src>
      <valueMergeType>Update</valueMergeType>
    </mapping>
    <mapping>
      <dest>streetAddress</dest>
      <src>
        <attr>streetAddress</attr>
      </src>
      <valueMergeType>Update</valueMergeType>
    </mapping>
    <mapping>
      <dest>targetAddress</dest>
      <src>
        <attr>targetAddress</attr>
      </src>
      <valueMergeType>Update</valueMergeType>
    </mapping>
    <mapping>
      <dest>telephoneAssistant</dest>
      <src>
        <attr>telephoneAssistant</attr>
      </src>
      <valueMergeType>Update</valueMergeType>
    </mapping>
    <mapping>
      <dest>telephoneNumber</dest>
      <src>
        <attr>telephoneNumber</attr>
      </src>
      <valueMergeType>Update</valueMergeType>
    </mapping>
    <mapping>
      <dest>thumbnailPhoto</dest>
      <src>
        <attr>thumbnailPhoto</attr>
      </src>
      <valueMergeType>Update</valueMergeType>
    </mapping>
    <mapping>
      <dest>title</dest>
      <src>
        <attr>title</attr>
      </src>
      <valueMergeType>Update</valueMergeType>
    </mapping>
    <mapping>
      <dest>userCertificate</dest>
      <src>
        <attr>userCertificate</attr>
      </src>
      <valueMergeType>Update</valueMergeType>
    </mapping>
    <mapping>
      <dest>userPrincipalName</dest>
      <src>
        <attr>userPrincipalName</attr>
      </src>
      <valueMergeType>Update</valueMergeType>
    </mapping>
    <mapping>
      <dest>userSMIMECertificate</dest>
      <src>
        <attr>userSMIMECertificate</attr>
      </src>
      <valueMergeType>Update</valueMergeType>
    </mapping>
    <mapping>
      <dest>unauthOrig</dest>
      <src>
        <attr>unauthOrig</attr>
      </src>
      <valueMergeType>Update</valueMergeType>
    </mapping>
    <mapping>
      <dest>wWWHomePage</dest>
      <src>
        <attr>wWWHomePage</attr>
      </src>
      <valueMergeType>Update</valueMergeType>
    </mapping>
  </attribute-mappings>
  <relationshipCriteria />
  <synchronizationCriteria>
    <conditions>
      <scope>
        <csAttribute>sourceObjectType</csAttribute>
        <csOperator>EQUAL</csOperator>
        <csValue>User</csValue>
      </scope>
      <scope>
        <csAttribute>cloudMastered</csAttribute>
        <csOperator>NOTEQUAL</csOperator>
        <csValue>True</csValue>
      </scope>
    </conditions>
  </synchronizationCriteria>
</synchronizationRule>