<synchronizationRule>
  <id>{8b4947d0-b442-4de6-b58b-bbe547813364}</id>
  <internal-id>{8b4947d0-b442-4de6-b58b-bbe547813364}</internal-id>
  <version>1</version>
  <name>Out to AD - Contact Join</name>
  <description />
  <immutable-tag>Microsoft.OuttoADContactJoin.003</immutable-tag>
  <direction>Outbound</direction>
  <disabled>False</disabled>
  <connector>{ae4db4cc-b16b-4eb2-acf5-837ca84e4d7d}</connector>
  <sourceObjectType>person</sourceObjectType>
  <targetObjectType>contact</targetObjectType>
  <linkType>Join</linkType>
  <precedence>151</precedence>
  <precedence-after>{00000000-0000-0000-0000-000000000000}</precedence-after>
  <precedence-before>{00000000-0000-0000-0000-000000000000}</precedence-before>
  <softDeleteExpiryInterval>00:00:00</softDeleteExpiryInterval>
  <EnablePasswordSync>false</EnablePasswordSync>
  <attribute-mappings />
  <relationshipCriteria>
    <conditions>
      <condition>
        <csAttribute>mail</csAttribute>
        <ilmAttribute>mail</ilmAttribute>
      </condition>
    </conditions>
  </relationshipCriteria>
  <synchronizationCriteria />
</synchronizationRule>