<synchronizationRule>
  <id>{6e54dffb-6bbf-4ffd-bf7c-cadadaa068ff}</id>
  <internal-id>{6e54dffb-6bbf-4ffd-bf7c-cadadaa068ff}</internal-id>
  <version>1</version>
  <name>In from AD - Group Exchange</name>
  <description />
  <immutable-tag>Microsoft.InfromADGroupExchange.004</immutable-tag>
  <direction>Inbound</direction>
  <disabled>False</disabled>
  <connector>{ae4db4cc-b16b-4eb2-acf5-837ca84e4d7d}</connector>
  <sourceObjectType>group</sourceObjectType>
  <targetObjectType>group</targetObjectType>
  <linkType>Join</linkType>
  <precedence>113</precedence>
  <precedence-after>{00000000-0000-0000-0000-000000000000}</precedence-after>
  <precedence-before>{00000000-0000-0000-0000-000000000000}</precedence-before>
  <softDeleteExpiryInterval>00:00:00</softDeleteExpiryInterval>
  <EnablePasswordSync>false</EnablePasswordSync>
  <attribute-mappings>
    <mapping>
      <dest>authOrig</dest>
      <src>
        <attr>authOrig</attr>
      </src>
      <valueMergeType>Update</valueMergeType>
    </mapping>
    <mapping>
      <dest>dLMemRejectPerms</dest>
      <src>
        <attr>dLMemRejectPerms</attr>
      </src>
      <valueMergeType>Update</valueMergeType>
    </mapping>
    <mapping>
      <dest>dLMemSubmitPerms</dest>
      <src>
        <attr>dLMemSubmitPerms</attr>
      </src>
      <valueMergeType>Update</valueMergeType>
    </mapping>
    <mapping>
      <dest>extensionAttribute1</dest>
      <src>
        <attr>extensionAttribute1</attr>
      </src>
      <expression>Trim([extensionAttribute1])</expression>
      <valueMergeType>Update</valueMergeType>
    </mapping>
    <mapping>
      <dest>extensionAttribute2</dest>
      <src>
        <attr>extensionAttribute2</attr>
      </src>
      <expression>Trim([extensionAttribute2])</expression>
      <valueMergeType>Update</valueMergeType>
    </mapping>
    <mapping>
      <dest>extensionAttribute3</dest>
      <src>
        <attr>extensionAttribute3</attr>
      </src>
      <expression>Trim([extensionAttribute3])</expression>
      <valueMergeType>Update</valueMergeType>
    </mapping>
    <mapping>
      <dest>extensionAttribute4</dest>
      <src>
        <attr>extensionAttribute4</attr>
      </src>
      <expression>Trim([extensionAttribute4])</expression>
      <valueMergeType>Update</valueMergeType>
    </mapping>
    <mapping>
      <dest>extensionAttribute5</dest>
      <src>
        <attr>extensionAttribute5</attr>
      </src>
      <expression>Trim([extensionAttribute5])</expression>
      <valueMergeType>Update</valueMergeType>
    </mapping>
    <mapping>
      <dest>extensionAttribute6</dest>
      <src>
        <attr>extensionAttribute6</attr>
      </src>
      <expression>Trim([extensionAttribute6])</expression>
      <valueMergeType>Update</valueMergeType>
    </mapping>
    <mapping>
      <dest>extensionAttribute7</dest>
      <src>
        <attr>extensionAttribute7</attr>
      </src>
      <expression>Trim([extensionAttribute7])</expression>
      <valueMergeType>Update</valueMergeType>
    </mapping>
    <mapping>
      <dest>extensionAttribute8</dest>
      <src>
        <attr>extensionAttribute8</attr>
      </src>
      <expression>Trim([extensionAttribute8])</expression>
      <valueMergeType>Update</valueMergeType>
    </mapping>
    <mapping>
      <dest>extensionAttribute9</dest>
      <src>
        <attr>extensionAttribute9</attr>
      </src>
      <expression>Trim([extensionAttribute9])</expression>
      <valueMergeType>Update</valueMergeType>
    </mapping>
    <mapping>
      <dest>extensionAttribute10</dest>
      <src>
        <attr>extensionAttribute10</attr>
      </src>
      <expression>Trim([extensionAttribute10])</expression>
      <valueMergeType>Update</valueMergeType>
    </mapping>
    <mapping>
      <dest>extensionAttribute11</dest>
      <src>
        <attr>extensionAttribute11</attr>
      </src>
      <expression>Trim([extensionAttribute11])</expression>
      <valueMergeType>Update</valueMergeType>
    </mapping>
    <mapping>
      <dest>extensionAttribute12</dest>
      <src>
        <attr>extensionAttribute12</attr>
      </src>
      <expression>Trim([extensionAttribute12])</expression>
      <valueMergeType>Update</valueMergeType>
    </mapping>
    <mapping>
      <dest>extensionAttribute13</dest>
      <src>
        <attr>extensionAttribute13</attr>
      </src>
      <expression>Trim([extensionAttribute13])</expression>
      <valueMergeType>Update</valueMergeType>
    </mapping>
    <mapping>
      <dest>extensionAttribute14</dest>
      <src>
        <attr>extensionAttribute14</attr>
      </src>
      <expression>Trim([extensionAttribute14])</expression>
      <valueMergeType>Update</valueMergeType>
    </mapping>
    <mapping>
      <dest>extensionAttribute15</dest>
      <src>
        <attr>extensionAttribute15</attr>
      </src>
      <expression>Trim([extensionAttribute15])</expression>
      <valueMergeType>Update</valueMergeType>
    </mapping>
    <mapping>
      <dest>hideDLMembership</dest>
      <src>
        <attr>hideDLMembership</attr>
      </src>
      <valueMergeType>Update</valueMergeType>
    </mapping>
    <mapping>
      <dest>legacyExchangeDN</dest>
      <src>
        <attr>legacyExchangeDN</attr>
      </src>
      <valueMergeType>Update</valueMergeType>
    </mapping>
    <mapping>
      <dest>mailNickname</dest>
      <src>
        <attr>mailNickname</attr>
      </src>
      <valueMergeType>Update</valueMergeType>
    </mapping>
    <mapping>
      <dest>msDS-PhoneticDisplayName</dest>
      <src>
        <attr>msDS-PhoneticDisplayName</attr>
      </src>
      <valueMergeType>Update</valueMergeType>
    </mapping>
    <mapping>
      <dest>msExchBypassModerationFromDLMembersLink</dest>
      <src>
        <attr>msExchBypassModerationFromDLMembersLink</attr>
      </src>
      <valueMergeType>Update</valueMergeType>
    </mapping>
    <mapping>
      <dest>msExchBypassModerationLink</dest>
      <src>
        <attr>msExchBypassModerationLink</attr>
      </src>
      <valueMergeType>Update</valueMergeType>
    </mapping>
    <mapping>
      <dest>msExchCoManagedByLink</dest>
      <src>
        <attr>msExchCoManagedByLink</attr>
      </src>
      <valueMergeType>Update</valueMergeType>
    </mapping>
    <mapping>
      <dest>msExchEnableModeration</dest>
      <src>
        <attr>msExchEnableModeration</attr>
      </src>
      <valueMergeType>Update</valueMergeType>
    </mapping>
    <mapping>
      <dest>msExchGroupDepartRestriction</dest>
      <src>
        <attr>msExchGroupDepartRestriction</attr>
      </src>
      <valueMergeType>Update</valueMergeType>
    </mapping>
    <mapping>
      <dest>msExchGroupJoinRestriction</dest>
      <src>
        <attr>msExchGroupJoinRestriction</attr>
      </src>
      <valueMergeType>Update</valueMergeType>
    </mapping>
    <mapping>
      <dest>msExchHideFromAddressLists</dest>
      <src>
        <attr>msExchHideFromAddressLists</attr>
      </src>
      <valueMergeType>Update</valueMergeType>
    </mapping>
    <mapping>
      <dest>msExchModeratedByLink</dest>
      <src>
        <attr>msExchModeratedByLink</attr>
      </src>
      <valueMergeType>Update</valueMergeType>
    </mapping>
    <mapping>
      <dest>msExchModerationFlags</dest>
      <src>
        <attr>msExchModerationFlags</attr>
      </src>
      <valueMergeType>Update</valueMergeType>
    </mapping>
    <mapping>
      <dest>msExchRecipientDisplayType</dest>
      <src>
        <attr>msExchRecipientDisplayType</attr>
      </src>
      <valueMergeType>Update</valueMergeType>
    </mapping>
    <mapping>
      <dest>msExchRecipientTypeDetails</dest>
      <src>
        <attr>msExchRecipientTypeDetails</attr>
      </src>
      <valueMergeType>Update</valueMergeType>
    </mapping>
    <mapping>
      <dest>msExchRequireAuthToSendTo</dest>
      <src>
        <attr>msExchRequireAuthToSendTo</attr>
      </src>
      <valueMergeType>Update</valueMergeType>
    </mapping>
    <mapping>
      <dest>msExchRetentionComment</dest>
      <src>
        <attr>msExchRetentionComment</attr>
      </src>
      <valueMergeType>Update</valueMergeType>
    </mapping>
    <mapping>
      <dest>msExchRetentionURL</dest>
      <src>
        <attr>msExchRetentionURL</attr>
      </src>
      <valueMergeType>Update</valueMergeType>
    </mapping>
    <mapping>
      <dest>msExchSenderHintTranslations</dest>
      <src>
        <attr>msExchSenderHintTranslations</attr>
      </src>
      <valueMergeType>Update</valueMergeType>
    </mapping>
    <mapping>
      <dest>oOFReplyToOriginator</dest>
      <src>
        <attr>oOFReplyToOriginator</attr>
      </src>
      <valueMergeType>Update</valueMergeType>
    </mapping>
    <mapping>
      <dest>publicDelegates</dest>
      <src>
        <attr>publicDelegates</attr>
      </src>
      <valueMergeType>Update</valueMergeType>
    </mapping>
    <mapping>
      <dest>reportToOriginator</dest>
      <src>
        <attr>reportToOriginator</attr>
      </src>
      <valueMergeType>Update</valueMergeType>
    </mapping>
    <mapping>
      <dest>reportToOwner</dest>
      <src>
        <attr>reportToOwner</attr>
      </src>
      <valueMergeType>Update</valueMergeType>
    </mapping>
    <mapping>
      <dest>unauthOrig</dest>
      <src>
        <attr>unauthOrig</attr>
      </src>
      <valueMergeType>Update</valueMergeType>
    </mapping>
  </attribute-mappings>
  <relationshipCriteria />
  <synchronizationCriteria>
    <conditions>
      <scope>
        <csAttribute>isCriticalSystemObject</csAttribute>
        <csOperator>NOTEQUAL</csOperator>
        <csValue>True</csValue>
      </scope>
      <scope>
        <csAttribute>adminDescription</csAttribute>
        <csOperator>NOTSTARTSWITH</csOperator>
        <csValue>Group_</csValue>
      </scope>
    </conditions>
  </synchronizationCriteria>
</synchronizationRule>