<synchronizationRule>
  <id>{cd580104-539a-4eb4-9b9a-0beaafbb1324}</id>
  <internal-id>{cd580104-539a-4eb4-9b9a-0beaafbb1324}</internal-id>
  <version>1</version>
  <name>In from AAD - User Exchange Hybrid</name>
  <description />
  <immutable-tag>Microsoft.InfromAADUserExchangeHybrid.003</immutable-tag>
  <direction>Inbound</direction>
  <disabled>False</disabled>
  <connector>{b891884f-051e-4a83-95af-2544101c9083}</connector>
  <sourceObjectType>user</sourceObjectType>
  <targetObjectType>person</targetObjectType>
  <linkType>Join</linkType>
  <precedence>150</precedence>
  <precedence-after>{00000000-0000-0000-0000-000000000000}</precedence-after>
  <precedence-before>{00000000-0000-0000-0000-000000000000}</precedence-before>
  <softDeleteExpiryInterval>00:00:00</softDeleteExpiryInterval>
  <EnablePasswordSync>false</EnablePasswordSync>
  <attribute-mappings>
    <mapping>
      <dest>cloudSOAExchMailbox</dest>
      <src>
        <attr>cloudMSExchRecipientDisplayType</attr>
      </src>
      <expression>CBool(IIF(IsNullOrEmpty([cloudMSExchRecipientDisplayType]),NULL,BitAnd([cloudMSExchRecipientDisplayType],&amp;HFF) = 0))</expression>
      <valueMergeType>Update</valueMergeType>
    </mapping>
    <mapping>
      <dest>cloudLegacyExchangeDN</dest>
      <src>
        <attr>cloudLegacyExchangeDN</attr>
      </src>
      <valueMergeType>Update</valueMergeType>
    </mapping>
    <mapping>
      <dest>cloudMSExchArchiveStatus</dest>
      <src>
        <attr>cloudMSExchArchiveStatus</attr>
      </src>
      <valueMergeType>Update</valueMergeType>
    </mapping>
    <mapping>
      <dest>cloudMSExchBlockedSendersHash</dest>
      <src>
        <attr>cloudMSExchBlockedSendersHash</attr>
      </src>
      <valueMergeType>Update</valueMergeType>
    </mapping>
    <mapping>
      <dest>cloudMSExchDelegateListLink</dest>
      <src>
        <attr>cloudMSExchDelegateListLink</attr>
      </src>
      <valueMergeType>Update</valueMergeType>
    </mapping>
    <mapping>
      <dest>cloudMSExchRecipientDisplayType</dest>
      <src>
        <attr>cloudMSExchRecipientDisplayType</attr>
      </src>
      <valueMergeType>Update</valueMergeType>
    </mapping>
    <mapping>
      <dest>cloudMSExchSafeRecipientsHash</dest>
      <src>
        <attr>cloudMSExchSafeRecipientsHash</attr>
      </src>
      <valueMergeType>Update</valueMergeType>
    </mapping>
    <mapping>
      <dest>cloudMSExchSafeSendersHash</dest>
      <src>
        <attr>cloudMSExchSafeSendersHash</attr>
      </src>
      <valueMergeType>Update</valueMergeType>
    </mapping>
    <mapping>
      <dest>cloudMSExchTeamMailboxExpiration</dest>
      <src>
        <attr>cloudMSExchTeamMailboxExpiration</attr>
      </src>
      <valueMergeType>Update</valueMergeType>
    </mapping>
    <mapping>
      <dest>cloudMSExchTeamMailboxOwners</dest>
      <src>
        <attr>cloudMSExchTeamMailboxOwners</attr>
      </src>
      <valueMergeType>Update</valueMergeType>
    </mapping>
    <mapping>
      <dest>cloudMSExchTeamMailboxSharePointUrl</dest>
      <src>
        <attr>cloudMSExchTeamMailboxSharePointUrl</attr>
      </src>
      <valueMergeType>Update</valueMergeType>
    </mapping>
    <mapping>
      <dest>cloudMSExchUCVoiceMailSettings</dest>
      <src>
        <attr>cloudMSExchUCVoiceMailSettings</attr>
      </src>
      <valueMergeType>Update</valueMergeType>
    </mapping>
    <mapping>
      <dest>cloudMSExchUserHoldPolicies</dest>
      <src>
        <attr>cloudMSExchUserHoldPolicies</attr>
      </src>
      <valueMergeType>Update</valueMergeType>
    </mapping>
    <mapping>
      <dest>cloudPublicDelegates</dest>
      <src>
        <attr>cloudPublicDelegates</attr>
      </src>
      <valueMergeType>Update</valueMergeType>
    </mapping>
  </attribute-mappings>
  <relationshipCriteria />
  <synchronizationCriteria />
</synchronizationRule>